Date,DateTime,environment,position_group,target,algo,Evaluation_WinShare,Evaluation_RMSE,Evaluation_R2,test_RMSE,test_R2,test_MAE,train_RMSE,train_R2,train_MAE,n_trees,learning_rate,max_depth,colsample_bytree,min_child_weight,subsample,seed,knn,pt_min,pt_keep_thres,pt_drop,start_year,eval_split_method,prod_split_method
2020-06-03,2020-06-03 14:44:44.801935,eval,hitters,SLG,xgb,0.2678185745140389,0.11008883714071076,0.06678710357935169,0.06446239566057575,0.2299882405086574,0.051093289812300505,0.04746134146268712,0.560700250263306,0.03698713999487615,950,0.0643601707152649,2,0.6796215493820229,1,0.8026006422512594,123,5,150,300,200,2014,timeseries,timeseries
2020-06-03,2020-06-03 14:46:08.399776,prod,hitters,SLG,xgb,0.0,0.0,0.0,0.06373306062183713,0.2473136770317893,0.05060849588998748,0.04874537710163487,0.5366087737646191,0.03800149929291916,950,0.19257469646923314,3,0.8740269299043285,7,0.8675244596634638,123,5,150,300,200,2014,timeseries,timeseries
2020-06-03,2020-06-03 14:52:39.318209,eval,hitters,SLG,xgb,0.28293736501079914,0.1055184453549916,0.1426642552139541,0.06385310770851968,0.27746469944014185,0.04911363074486269,0.04575592323328187,0.5799505132549341,0.035327161576385435,200,0.14106191755200898,3,0.6794587803552495,7,0.8128367045038747,123,5,150,300,200,2014,random,random
2020-06-03,2020-06-03 14:53:54.342467,prod,hitters,SLG,xgb,0.0,0.0,0.0,0.06398574516137201,0.2744598409102734,0.049481299536750914,0.03436347866872508,0.7630809097047351,0.02515102081375326,100,0.13095548556556486,4,0.6000358097041028,2,0.8700426833705054,123,5,150,300,200,2014,random,random
2020-06-03,2020-06-03 15:00:07.530034,eval,hitters,CS_per_PA,xgb,0.11231101511879048,2.1104791925104243,-0.03611297698203697,0.004465955990255076,0.4191270859275757,0.003294642643738516,0.0033338841300933827,0.6498778211203575,0.0025964710944773955,500,0.0295803996682125,3,0.8089337327748632,1,0.7445488004811902,123,5,150,300,200,2014,random,random
2020-06-03,2020-06-03 15:00:47.442466,prod,hitters,CS_per_PA,xgb,0.0,0.0,0.0,0.004488171973181124,0.4133335850446908,0.003265130642371701,0.004178223576966824,0.4500768913967685,0.0030645456131554428,750,0.4391615902975033,1,0.9528174010964924,7,0.8669942788644146,123,5,150,300,200,2014,random,random
2020-06-03,2020-06-03 15:08:47.063625,eval,hitters,R_per_PA,xgb,0.1490280777537797,29.05474931862247,0.1654980955217097,0.022096307153632498,0.2576463535318905,0.017162374704335726,0.014203342795489644,0.6477119782994439,0.011129228326136824,700,0.0964720104207234,4,0.8458455196663119,2,0.8792964170839226,123,5,150,300,200,2014,random,random
2020-06-03,2020-06-03 15:09:48.931294,prod,hitters,R_per_PA,xgb,0.0,0.0,0.0,0.02212380743357404,0.2557973896482707,0.01706853748864601,0.016386910211912627,0.5310669015423171,0.0129392739299323,750,0.03747601679926755,2,0.6030447156199285,4,0.7003600605503114,123,5,150,300,200,2014,random,random
2020-06-03,2020-06-03 15:10:53.839696,eval,hitters,RBI_per_PA,xgb,0.16630669546436286,29.74639872183109,0.10425820168153832,0.026767850760177892,0.3222913228656984,0.02082380573652133,0.020430660882959698,0.5867878600042591,0.016036883390600047,800,0.0635525025146268,3,0.6912343989458335,1,0.8540581297330124,123,5,150,300,200,2014,random,random
2020-06-03,2020-06-03 15:12:24.605220,prod,hitters,RBI_per_PA,xgb,0.0,0.0,0.0,0.02683320629022928,0.3189779391211023,0.02085114089259861,0.013777962859371648,0.8120777250226118,0.009785211191593651,650,0.008846034380236236,6,0.9981230699762887,7,0.7268218504193773,123,5,150,300,200,2014,random,random
2020-06-03,2020-06-03 15:13:04.711145,eval,hitters,WAR_per_PA,xgb,0.2644927536231884,1.4017251158697328,0.3642072417201952,0.003179319184446994,0.20083871460789748,0.0024593522709086524,0.003112143220472516,0.30640999887863474,0.002440949134512459,700,0.11006098815454927,1,0.698376164638854,4,0.7540414789436222,123,5,150,300,200,2014,random,random
2020-06-03,2020-06-03 15:13:41.611849,prod,hitters,WAR_per_PA,xgb,0.0,0.0,0.0,0.00318598142109706,0.19748593389887026,0.002466139919443466,0.0031275950410499203,0.2995055391154461,0.0024509039708733448,450,0.526631903533785,1,0.7977535465457549,1,0.8536533276846446,123,5,150,300,200,2014,random,random
2020-06-03,2020-06-03 15:14:40.691412,eval,hitters,SB_per_PA,xgb,0.16198704103671707,5.811252254156067,0.2577303573620435,0.013193329102458837,0.5517886967935652,0.008371910030304235,0.0065660649011003505,0.8412464806854008,0.004705434095361648,750,0.022683638344561816,4,0.8216654288920209,7,0.8752746804337104,123,5,150,300,200,2014,random,random
2020-06-03,2020-06-03 15:15:36.353729,prod,hitters,SB_per_PA,xgb,0.0,0.0,0.0,0.013165380677848662,0.5536856450902764,0.008358530867451006,0.006016396617942606,0.8667135698263528,0.004142662091205297,850,0.05587123850200392,4,0.8602307181432227,7,0.9551188713061864,123,5,150,300,200,2014,random,random
2020-06-03,2020-06-03 17:11:14.625856,eval,hitters,BABIP,xgb,0.0,0.0,0.0,0.035285490037980025,0.1354151314124702,0.027971116271673462,0.027564215201733702,0.44309343464739503,0.02158494571878129,250,0.06376522042703679,3,0.7644670337465845,7,0.9547807280435964,123,5,150,300,200,2014,random,random
2020-06-03,2020-06-03 17:11:23.714015,prod,hitters,BABIP,xgb,0.0,0.0,0.0,0.03523019105181936,0.13812294147756032,0.027951715773227158,0.031263017950113665,0.2836044592134963,0.02453618723768784,100,0.15215418931057814,1,0.8039226404667347,1,0.7773719460383253,123,5,150,300,200,2014,random,random
2020-06-03,2020-06-03 17:12:23.922847,eval,hitters,K%,xgb,0.0,0.0,0.0,0.037883538955515834,0.6263319045714798,0.030004310780455512,0.03550035924798636,0.6529081841544271,0.027379353229283736,50,0.091094646008405,2,0.7425630466349118,5,0.8082460503708141,123,5,150,300,200,2014,random,random
2020-06-03,2020-06-03 17:12:37.730632,prod,hitters,K%,xgb,0.0,0.0,0.0,0.038419046933040664,0.6156931660575705,0.029875001501059574,0.031753690180905014,0.7223054964785169,0.024394573910351103,100,0.25239747695546816,3,0.8165576746773797,3,0.9689328287759278,123,5,150,300,200,2014,random,random
2020-06-03,2020-06-03 17:12:49.322424,eval,hitters,BB%,xgb,0.0,0.0,0.0,0.02232579052468214,0.4976433642105741,0.017709685254649467,0.020107924388479817,0.5681897321814178,0.015564981651998275,800,0.21932504789276336,1,0.7460510111421129,4,0.8346672662538553,123,5,150,300,200,2014,random,random
2020-06-03,2020-06-03 17:13:04.675181,prod,hitters,BB%,xgb,0.0,0.0,0.0,0.022616486913620795,0.4844761722958544,0.017700710096461254,0.015235486828060425,0.752103069038138,0.0117585275570248,700,0.023466343700621728,4,0.9236536686677213,7,0.9296632521372596,123,5,150,300,200,2014,random,random
2020-06-03,2020-06-03 17:15:55.171620,eval,hitters,wOBA,xgb,0.2548596112311015,0.06533749604890221,0.02312953402046913,0.03683681975595315,0.16088633057788682,0.028841600971425917,0.032667075996554384,0.2694158146688935,0.02582271501888657,450,0.6575798707015276,2,0.4736878495355442,5,0.7005526067817717,123,5,150,300,200,2014,random,random
2020-06-03,2020-06-03 17:16:08.509874,prod,hitters,wOBA,xgb,0.0,0.0,0.0,0.03523415093088598,0.2323130491125228,0.027447771023939,0.02632483799215833,0.525560154819295,0.020415692959239774,150,0.3015324664770653,2,0.920932002213982,6,0.9865832797568792,123,5,150,300,200,2014,random,random
2020-06-03,2020-06-03 20:04:13.686249,eval,RP,ERA,xgb,0.21851851851851853,2.044967274971834,-0.1582912267004486,1.25438799394848,0.09609029784235668,0.965746474372016,1.104867868671514,0.26375313513325216,0.8654653284193455,950,0.4636671154658804,1,0.6876971747579774,7,0.9883509852901196,123,5,30,40,30,2014,timeseries,timeseries
2020-06-03,2020-06-03 20:04:49.199104,prod,RP,ERA,xgb,0.0,0.0,0.0,1.2648188802742941,0.08099483908512994,0.9861755818261041,1.115342423967186,0.2497271789988643,0.8735848626049088,800,0.04620601883187296,1,0.5815966278553644,7,0.8860833715825974,123,5,30,40,30,2014,timeseries,timeseries
2020-06-03,2020-06-03 20:05:26.182601,eval,RP,BB_per_9,xgb,0.2703703703703704,1.4886671286799582,0.16399743290916624,1.0227478215648904,0.14172065512239373,0.7787485321009601,0.8306996512918767,0.4713333649624868,0.6644935939298279,650,0.09336436521788104,2,0.6104850799628786,5,0.7260482647801803,123,5,30,40,30,2014,timeseries,timeseries
2020-06-03,2020-06-03 20:05:58.749912,prod,RP,BB_per_9,xgb,0.0,0.0,0.0,1.0333497045298663,0.12383444818793753,0.7916250788370769,0.35223973001654113,0.9049459720217359,0.2375701195686713,200,0.044105827430215364,8,0.7071440844698751,7,0.7554356998501555,123,5,30,40,30,2014,timeseries,timeseries
2020-06-03,2020-06-03 20:06:51.125138,eval,RP,K_per_9,xgb,0.2740740740740741,1.807742033641036,0.3535978743095144,1.6719473597653538,0.3720021099140485,1.3340798556009927,1.4881113233411782,0.5423692606932231,1.1692821136562304,900,0.10781692753671512,1,0.4673467219657394,6,0.7710488613354318,123,5,30,40,30,2014,timeseries,timeseries
2020-06-03,2020-06-03 20:07:46.182285,prod,RP,K_per_9,xgb,0.0,0.0,0.0,1.6698249770534337,0.373595468569878,1.3255024704403346,1.3701913969555002,0.6120222512973268,1.0709713501491769,350,0.03730687686212066,2,0.5606580913248994,5,0.7316669094872899,123,5,30,40,30,2014,timeseries,timeseries
2020-06-03,2020-06-03 20:08:28.554495,eval,RP,OBP,xgb,0.0,0.0,0.0,0.037443512247582696,0.09062748211593008,0.029700105623845705,0.03524853939740577,0.21718858347672187,0.02825930409047795,600,0.2528220099997525,1,0.9386409755042148,1,0.9924354025456674,123,5,30,40,30,2014,timeseries,timeseries
2020-06-03,2020-06-03 20:09:13.890509,prod,RP,OBP,xgb,0.0,0.0,0.0,0.037380299963604785,0.09369530286500204,0.029624588601677507,0.03541999623056373,0.20955451960250607,0.028325075796280783,800,0.1327712403449772,1,0.9801130700591941,7,0.7865237137548959,123,5,30,40,30,2014,timeseries,timeseries
2020-06-03,2020-06-03 20:10:01.046669,eval,RP,SLG,xgb,0.0,0.0,0.0,0.07363792461137605,0.14808473902278252,0.05966774407757652,0.05699130268179135,0.4257942419612048,0.045160368871072235,200,0.183337323313841,3,0.8826894840725978,4,0.8153145468051727,123,5,30,40,30,2014,timeseries,timeseries
2020-06-03,2020-06-03 20:11:11.477138,prod,RP,SLG,xgb,0.0,0.0,0.0,0.07459150863518957,0.12587790060060589,0.06099262969758775,0.02121792603930991,0.9204104154599714,0.013920313168531177,650,0.010100616849231721,6,0.4263878820952408,1,0.9576347883836231,123,5,30,40,30,2014,timeseries,timeseries
2020-06-03,2020-06-03 20:12:28.578512,eval,RP,SV_per_G,xgb,0.2222222222222222,7.477556466272673,0.2146906872894221,0.10438231256177656,0.4972379975613032,0.06776461993874218,0.027382170547904684,0.9724625174010404,0.016519896360938636,350,0.08602871207605084,5,0.4612046296466642,6,0.8975853270825235,123,5,30,40,30,2014,timeseries,timeseries
2020-06-03,2020-06-03 20:13:21.280256,prod,RP,SV_per_G,xgb,0.0,0.0,0.0,0.1053808897631999,0.4875726033981399,0.066409608984124,0.09066719225736923,0.6980821241750104,0.056366360261736935,250,0.4699950284324754,2,0.6928769749326363,1,0.9743220486001956,123,5,30,40,30,2014,timeseries,timeseries
2020-06-03,2020-06-03 20:51:56.184690,eval,RP,WAR_per_G,xgb,0.34472934472934474,0.689845757920704,0.02733984811611445,0.01543668299439651,0.04392921259754468,0.01192488364598755,0.012214621449307829,0.4133943954380406,0.008821843110383835,200,0.0313624735301738,2,0.9885621176602942,4,0.7801845346731534,123,5,30,40,30,2014,timeseries,timeseries
2020-06-03,2020-06-03 20:52:28.252194,prod,RP,WAR_per_G,xgb,0.0,0.0,0.0,0.015448053326973634,0.042520251042803325,0.011703577495759126,0.014263657013289298,0.20007741603281148,0.010196328271377493,900,0.4861303045506728,1,0.4848676906467657,5,0.9852712371231792,123,5,30,40,30,2014,timeseries,timeseries
2020-06-03,2020-06-03 20:53:50.519264,eval,RP,HLD_per_G,xgb,0.0,0.0,0.0,0.1081569718955031,0.10003726662805336,0.08843722959013207,0.10015896022559714,0.2646545848176003,0.08342856080543355,300,0.13459992805440602,1,0.9031108783759514,6,0.7790182431278566,123,5,30,40,30,2014,timeseries,timeseries
2020-06-03,2020-06-03 20:54:25.641820,prod,RP,HLD_per_G,xgb,0.0,0.0,0.0,0.10832281335082276,0.09727525224817699,0.08773083413294085,0.1017670738353118,0.2408521810903697,0.08455269573004784,400,0.38938930639656505,1,0.4703710178009653,1,0.9656524670840144,123,5,30,40,30,2014,timeseries,timeseries
2020-06-03,2020-06-03 21:54:56.906536,eval,SP,ERA,xgb,0.23125,1.324268879888775,-0.03594681720017223,0.8444539524838077,0.13292421491576567,0.6407619208222503,0.5227001867725566,0.6833901078335061,0.3940364388138258,250,0.0260739366256324,5,0.7888447722568454,7,0.9773061845103008,123,5,80,100,60,2014,timeseries,timeseries
2020-06-03,2020-06-03 21:55:31.721244,prod,SP,ERA,xgb,0.0,0.0,0.0,0.8298049422301674,0.16274616302088366,0.6456780554364612,0.7785420624440971,0.2976018940814257,0.5953629403049442,200,0.4270160170924889,2,0.8991344369397962,5,0.8062810832155403,123,5,80,100,60,2014,timeseries,timeseries
2020-06-03,2020-06-03 21:56:21.882405,eval,SP,BB_per_9,xgb,0.275,0.8715292158839524,0.15350871831239266,0.7486954243635457,0.3628345041330087,0.56379255841662,0.6021184997871211,0.4600512341358833,0.4694318783202139,900,0.29301088532281616,1,0.7566875874575896,7,0.8767459747946524,123,5,80,100,60,2014,timeseries,timeseries
2020-06-03,2020-06-03 21:57:00.507433,prod,SP,BB_per_9,xgb,0.0,0.0,0.0,0.7465943102880829,0.3664057263577733,0.5575645999641685,0.6458914149859261,0.3786910135285391,0.5062413428267655,700,0.6606126546791307,1,0.9926040567085196,5,0.7630748686239084,123,5,80,100,60,2014,timeseries,timeseries
2020-06-03,2020-06-03 21:58:01.310955,eval,SP,K_per_9,xgb,0.24375,1.3619486166608483,0.4721383915083204,1.2656564610439247,0.41683681758796187,1.0300707475622215,1.0699892161401814,0.5208129285259153,0.8415152911426259,100,0.209512207509072,1,0.4092743098656319,6,0.9137162140249492,123,5,80,100,60,2014,timeseries,timeseries
2020-06-03,2020-06-03 21:58:52.489581,prod,SP,K_per_9,xgb,0.0,0.0,0.0,1.2759796458789872,0.40728501163211017,1.0300177125997478,0.9499969880645,0.6222619381887073,0.7425926316514307,750,0.14697825962768313,2,0.6586937926573602,6,0.8796295219461409,123,5,80,100,60,2014,timeseries,timeseries
2020-06-03,2020-06-03 22:01:59.792592,eval,SP,K_per_9,xgb,0.26875,1.372297694964141,0.4640857579084914,1.2617763805895779,0.4204069043577915,1.0248431683253576,0.9330213591466082,0.6356410325125648,0.7329568834045307,450,0.11366809678391974,2,0.7516094503719235,4,0.7360841432298854,123,5,80,100,60,2014,timeseries,timeseries
2020-06-03,2020-06-03 22:02:50.870205,prod,SP,K_per_9,xgb,0.0,0.0,0.0,1.2574410672596408,0.4243828877614601,1.0105293788776528,0.9863085431379992,0.5928336483156069,0.7751090763377495,850,0.3835773677233336,2,0.8796206367035007,5,0.9254876420357406,123,5,80,100,60,2014,timeseries,timeseries
2020-06-03,2020-06-03 22:08:40.106289,eval,SP,ShO_per_GS,xgb,0.0,0.0,0.0,0.01755796261575635,0.19253192330202784,0.012825041792529707,0.014120659510676894,0.5289267941340465,0.010237308705710331,250,0.14579959885003213,2,0.5625673143781519,2,0.8932645982821411,123,5,80,100,60,2014,random,random
2020-06-03,2020-06-03 22:09:10.866626,prod,SP,ShO_per_GS,xgb,0.0,0.0,0.0,0.017887586376202212,0.16192939287863595,0.013320723771969184,0.014425319390972847,0.5083802564900399,0.010613496123237722,700,0.14795017372648814,2,0.5231744091342851,2,0.8590528965285866,123,5,80,100,60,2014,random,random
2020-06-03,2020-06-03 22:09:47.016520,eval,SP,CG_per_GS,xgb,0.0,0.0,0.0,0.02819683613046225,0.2253519028691053,0.02038079759761976,0.02518359345854086,0.4041428594736379,0.01844678461888789,950,0.3142912954585465,1,0.9825275089616744,3,0.942109700295001,123,5,80,100,60,2014,random,random
2020-06-03,2020-06-03 22:10:32.164887,prod,SP,CG_per_GS,xgb,0.0,0.0,0.0,0.028328829847273918,0.2180824346229826,0.02012048491580469,0.008471880293014955,0.932567948955396,0.003445823900680665,50,0.1867364761335129,10,0.6615394111627058,7,0.9887251275214259,123,5,80,100,60,2014,random,random
2020-06-03,2020-06-03 22:11:18.212504,eval,SP,W_per_GS,xgb,0.19375,4.622805147702215,0.1078038854557104,0.11325841244010453,0.09844519878741777,0.0898727293922329,0.06760940760403611,0.8047447251687556,0.04874324325650288,350,0.11468784913376916,5,0.9710055015034148,1,0.7940683820799808,123,5,80,100,60,2014,random,random
2020-06-03,2020-06-03 22:12:02.088347,prod,SP,W_per_GS,xgb,0.0,0.0,0.0,0.11595886414534667,0.054940621416672,0.09265592627928017,0.08768346970642453,0.6715842568026507,0.03431163250457122,50,0.10904612924877864,9,0.9367987281933268,4,0.8272686590742118,123,5,80,100,60,2014,random,random
2020-06-03,2020-06-03 22:12:54.539672,eval,SP,WAR_per_GS,xgb,0.3195266272189349,1.48616695125732,0.3331874099061394,0.04211753001724848,0.28345318627807314,0.03391429109948179,0.026311265221117187,0.7670222809000546,0.0204211921611117,850,0.03067907489605685,3,0.9958503087531064,7,0.7801168451242868,123,5,80,100,60,2014,random,random
2020-06-03,2020-06-03 22:13:37.208479,prod,SP,WAR_per_GS,xgb,0.0,0.0,0.0,0.04142382863448119,0.3068627260300597,0.0334995225072836,0.031300423315764124,0.6702905866606024,0.024689714221812653,650,0.1141029446874532,2,0.8197884576861819,3,0.7285587649886932,123,5,80,100,60,2014,random,random
2020-06-03,2020-06-03 22:31:46.804814,eval,SP,OBP,xgb,0.0,0.0,0.0,0.024068899736792642,0.2638253746826916,0.019308759784960487,0.022504972202073863,0.4302633003996377,0.017961815524608533,350,0.05462738220647062,1,0.9012659895840242,6,0.9023463649089738,23,5,80,100,60,2014,random,random
2020-06-03,2020-06-03 22:32:31.514259,prod,SP,OBP,xgb,0.0,0.0,0.0,0.02388721065386675,0.2748977590232301,0.019150553069271884,0.02224576510912508,0.44331191218064336,0.017709831891048602,850,0.10831391883806996,1,0.7492189013012795,4,0.9548697699447506,23,5,80,100,60,2014,random,random
2020-06-03,2020-06-03 22:33:26.969689,eval,SP,SLG,xgb,0.0,0.0,0.0,0.04856769845797421,0.2142333426118851,0.03692115644439236,0.006466341810857114,0.9847057417862431,0.0022146864935015955,600,0.21271869161945867,11,0.8215295155479903,7,0.9954334398331578,123,5,80,100,60,2014,random,random
2020-06-03,2020-06-03 22:34:09.870434,prod,SP,SLG,xgb,0.0,0.0,0.0,0.048391680633142815,0.2199185331547342,0.037669041177728665,0.034097542557385334,0.5747373286435924,0.02723997054257855,100,0.11973007505754467,2,0.7210390981082804,2,0.8850834534338932,123,5,80,100,60,2014,random,random
2020-06-03,2020-06-03 22:41:30.290638,eval,SP,ERA,xgb,0.28125,1.3548106207832735,-0.0842821266721403,0.8545507755072921,0.18371483805870706,0.6736971945815033,0.6079244166625872,0.5694247891608089,0.4777946998379754,900,0.2020510819406605,2,0.5348382952559226,7,0.8928334797031415,123,5,80,100,60,2014,random,random
2020-06-03,2020-06-03 22:41:59.843303,prod,SP,ERA,xgb,0.0,0.0,0.0,0.8440026242179021,0.2037421061728528,0.6551048988824363,0.6484950974269724,0.5100370465525601,0.5102173428727098,200,0.2053268192373376,2,0.6389153358040803,5,0.8411773907907105,123,5,80,100,60,2014,random,random
2020-06-03,2020-06-03 22:43:44.657202,eval,SP,BB_per_9,xgb,0.2375,0.9466581899493374,0.0012771602572247964,0.7247608288118329,0.34055804916899635,0.5240503999951122,0.33538406342193355,0.832272508506764,0.2315425382663736,750,0.05649409471243923,4,0.9729544520777368,6,0.9709836096515336,123,5,80,100,60,2014,random,random
2020-06-03,2020-06-03 22:44:32.514755,prod,SP,BB_per_9,xgb,0.0,0.0,0.0,0.7361920620356436,0.31959200756460404,0.5437816127315983,0.2489573534003012,0.9075792849518379,0.15257771630659173,300,0.10420686516023482,5,0.5659340035379576,1,0.9978935053039879,123,5,80,100,60,2014,random,random
2020-06-03,2020-06-03 22:46:29.749432,eval,SP,K_per_9,xgb,0.225,1.7261680591042805,0.15206066268317608,1.1253332187154619,0.4664446993909628,0.8813077287359552,0.4125942803609246,0.9366633134678216,0.2946020884773128,500,0.0437170521869345,4,0.4734029720418197,2,0.9165729974299776,23,5,80,100,60,2014,random,random
2020-06-03,2020-06-03 22:47:11.908536,prod,SP,K_per_9,xgb,0.0,0.0,0.0,1.113891433603022,0.4772393506091689,0.8843567608214996,0.7413669468303521,0.7955084475412323,0.5892731589910268,200,0.08649692137750635,2,0.7854004403312739,6,0.8524139015257575,23,5,80,100,60,2014,random,random
2020-06-03,2020-06-03 22:47:40.153051,eval,SP,ShO_per_GS,xgb,0.0,0.0,0.0,0.01752144071095605,0.04569431863472273,0.011868472937106422,0.014682676221472568,0.3730245050203129,0.010039409594859322,600,0.19882626393520586,1,0.9992951890023579,6,0.7598589087473578,123,5,80,100,60,2014,random,random
2020-06-03,2020-06-03 22:48:05.412936,prod,SP,ShO_per_GS,xgb,0.0,0.0,0.0,0.017295423354956704,0.07015560683991705,0.011607089350926643,0.006161100237897056,0.8896031523854153,0.0022522449190662177,650,0.20485267089517745,13,0.4204705118943519,7,0.7877583502382336,123,5,80,100,60,2014,random,random
2020-06-03,2020-06-03 22:48:41.687936,eval,SP,CG_per_GS,xgb,0.0,0.0,0.0,0.02761602135089024,0.1058619798069821,0.0201292302397554,0.015992868225498502,0.7105111338951898,0.012348227743002321,650,0.37682933562094656,6,0.4556065127953316,5,0.7725401902417673,123,5,80,100,60,2014,random,random
2020-06-03,2020-06-03 22:49:09.426027,prod,SP,CG_per_GS,xgb,0.0,0.0,0.0,0.027241079922790446,0.1299765000974662,0.01821816812823224,0.01918438609244369,0.5834424984727908,0.013956112670388229,300,0.1801996086156869,1,0.5209494170773061,7,0.9611119420281948,123,5,80,100,60,2014,random,random
2020-06-03,2020-06-03 22:49:43.688861,eval,SP,W_per_GS,xgb,0.2375,5.845319616897955,-0.4264799675896904,0.10610194281472282,0.07627490490454569,0.08854234963345392,0.13473059814254298,0.35055831322543995,0.08931468401026771,900,0.6299039406390511,3,0.8592733072763867,2,0.8099133141318219,123,5,80,100,60,2014,random,random
2020-06-03,2020-06-03 22:50:10.250153,prod,SP,W_per_GS,xgb,0.0,0.0,0.0,0.1079033478173644,0.04464251942437725,0.08726218498862126,0.15468365922469127,0.14395506740102834,0.09450821388874096,150,0.5735591351533769,1,0.94708064793981,6,0.7419937270890382,123,5,80,100,60,2014,random,random
2020-06-03,2020-06-03 22:50:40.581233,eval,SP,WAR_per_GS,xgb,0.3372781065088757,1.4535876983797162,0.3621022502661787,0.03915300056847802,0.3243319890726475,0.03115850014396577,0.04147097735691289,0.4403981965917736,0.032089818453698384,600,0.3500869920333294,1,0.498239159592329,7,0.7113416722146431,123,5,80,100,60,2014,random,random
2020-06-03,2020-06-03 22:51:23.209486,prod,SP,WAR_per_GS,xgb,0.0,0.0,0.0,0.039686397908796064,0.30579678361047835,0.03223471383680697,0.03458995080985335,0.610694577408978,0.0270879405657369,50,0.09260696931667696,2,0.5860880379602663,6,0.7491493380365009,123,5,80,100,60,2014,random,random
2020-07-10,2020-07-10 20:30:07.314277,eval,SP,ERA,xgb,0.28125,1.3760848493256044,-0.11860186842876175,0.8551321389665871,0.1385708546828336,0.657234407286895,0.6979328451403579,0.4414838809397795,0.5333816187481744,350,0.30704960229728123,3,0.9965968649759448,5,0.9812825994548822,123,5,80,100,60,2014,timeseries,timeseries
2020-07-10,2020-07-10 20:30:43.622655,prod,SP,ERA,xgb,0.0,0.0,0.0,0.8471704240644734,0.15453686767474514,0.6517701804010492,0.7168327007621603,0.4108253459036129,0.550014121116655,250,0.3520782016952446,3,0.9244882410934604,7,0.8803310117955129,123,5,80,100,60,2014,timeseries,timeseries
2020-07-10,2020-07-10 20:31:27.698411,eval,SP,BB_per_9,xgb,0.2,1.0070092942216102,-0.13012256531482191,0.7826226780079714,0.3148526764598658,0.5901530129972258,0.18384633866190306,0.9476609745060012,0.10553802565496756,450,0.2589800809178459,12,0.8805813984390132,2,0.9676117154926532,123,5,80,100,60,2014,timeseries,timeseries
2020-07-10,2020-07-10 20:32:09.290152,prod,SP,BB_per_9,xgb,0.0,0.0,0.0,0.7922243991441628,0.2979378873953877,0.5776405549049377,0.5075640803891313,0.6010693340924391,0.3881822178484851,550,0.13905034384924952,3,0.4968079944754,6,0.7950240501022281,123,5,80,100,60,2014,timeseries,timeseries
2020-07-10,2020-07-10 20:32:53.572625,eval,SP,K_per_9,xgb,0.175,1.7084102477606082,0.16941713625419208,1.24914868095357,0.4393617797306597,1.0096233365410252,0.85531307267864,0.7046618807412852,0.6676215936437611,600,0.18035372946526101,2,0.9168853585273112,4,0.9837885974309399,123,5,80,100,60,2014,timeseries,timeseries
2020-07-10,2020-07-10 20:33:50.153361,prod,SP,K_per_9,xgb,0.0,0.0,0.0,1.2788182502614345,0.4124131265851203,1.0478470877597208,0.9518786906869452,0.6342094392445667,0.7341945333670307,700,0.2007059638927563,1,0.6480020752793936,2,0.8834555647862321,123,5,80,100,60,2014,timeseries,timeseries
2020-07-10,2020-07-10 20:34:43.310168,eval,SP,OBP,xgb,0.0,0.0,0.0,0.027968186066849653,0.0013620590186507187,0.02191747937547533,0.008464424359953203,0.9176834420641384,0.004769410945458655,900,0.05503151438415505,5,0.6254852905601764,7,0.7782582549537027,123,5,80,100,60,2014,timeseries,timeseries
2020-07-10,2020-07-10 20:35:29.733337,prod,SP,OBP,xgb,0.0,0.0,0.0,0.027284281633685167,0.04960419848346298,0.021806513654558282,0.018455853684517846,0.6086542494694691,0.014780865605040631,300,0.21811748769689893,2,0.8319286317467763,7,0.7849028435337713,123,5,80,100,60,2014,timeseries,timeseries
2020-07-10,2020-07-10 20:36:03.214058,eval,SP,SLG,xgb,0.0,0.0,0.0,0.04851216779731001,0.06594419107192484,0.03740374340822822,0.04646008498201287,0.2518881318122005,0.03740394557917092,750,0.5867361195030251,1,0.5006452406226691,2,0.8575462375919005,123,5,80,100,60,2014,timeseries,timeseries
2020-07-10,2020-07-10 20:36:39.144216,prod,SP,SLG,xgb,0.0,0.0,0.0,0.04889660244207719,0.051081685122875135,0.03799058439229664,0.04558882050203189,0.27968367609112565,0.03678597204890472,450,0.303276877449883,1,0.9427877047076132,6,0.729939625952918,123,5,80,100,60,2014,timeseries,timeseries
2020-07-10,2020-07-10 20:46:16.858839,eval,RP,SV_per_G,xgb,0.2256809338521401,9.501542761380364,-0.2180001254767805,0.1088893059804374,0.4214043792237538,0.0677458010374314,0.03305180581108591,0.9625778040763322,0.023330254504801168,800,0.052821405218397184,5,0.4746661517792535,4,0.9056988013972084,123,5,30,40,30,2014,random,random
2020-07-10,2020-07-10 20:47:11.909387,prod,RP,SV_per_G,xgb,0.0,0.0,0.0,0.10913090213125398,0.4188340340840237,0.06626935134014178,0.03513736454377,0.9577061469498528,0.024197128682902167,350,0.30174027989024554,7,0.7280168828348573,7,0.9505863281533182,123,5,30,40,30,2014,random,random
2020-07-10,2020-07-10 20:48:35.248069,eval,RP,HLD_per_G,xgb,0.0,0.0,0.0,0.10280603911963716,0.19578224712666514,0.08404073016621967,0.04641327640072083,0.8443423319380636,0.03322975526002586,950,0.023972109965801625,6,0.5464719722170821,5,0.7657454973144526,123,5,30,40,30,2014,random,random
2020-07-10,2020-07-10 20:49:17.243141,prod,RP,HLD_per_G,xgb,0.0,0.0,0.0,0.10244208472739603,0.20146635828534296,0.0830647036443696,0.03923039651952144,0.8887931700167149,0.02380484243244263,400,0.011142250169333793,11,0.6211420106641956,7,0.8080227761926205,123,5,30,40,30,2014,random,random
2020-07-10,2020-07-10 20:51:21.662264,eval,RP,WAR_per_G,xgb,0.3313253012048193,0.6528761168343434,0.04652726738746782,0.012617122003428058,0.11662542024667588,0.00942044815994209,0.014109060103919463,0.2594768863265869,0.010069775446881963,450,0.1363803031473987,1,0.9061016364117066,6,0.8426110531585923,123,5,30,40,30,2014,random,random
2020-07-10,2020-07-10 20:51:58.939750,prod,RP,WAR_per_G,xgb,0.0,0.0,0.0,0.012675748427979151,0.10839701219422816,0.009473160716292844,0.013779628341029108,0.2936540495421104,0.009819075932539572,850,0.07864321056235213,1,0.8147972714300126,7,0.9992856020877348,123,5,30,40,30,2014,random,random
2020-07-10,2020-07-10 21:23:48.230917,eval,RP,ERA,xgb,0.26848249027237353,2.096088785781613,-0.2455806924809513,1.1012786054699006,0.1055829634229688,0.862761523043636,0.6070950200878915,0.7931183741092591,0.4349206566515352,650,0.06530320822147563,6,0.4848791342673153,2,0.9368066669084172,123,5,30,40,30,2014,random,random
2020-07-10,2020-07-10 21:24:24.058537,prod,RP,ERA,xgb,0.0,0.0,0.0,1.0998012394690326,0.10798107593855877,0.8767006545290621,1.094846561576852,0.3271548947567219,0.8572031676584722,650,0.2396957857687459,2,0.4777067295072309,7,0.7829098845113294,123,5,30,40,30,2014,random,random
2020-07-10,2020-07-10 21:33:01.277125,eval,SP,ERA,xgb,0.25,1.3563956605136436,-0.08682068898596418,0.8704773054021191,0.10737713138307714,0.6642290871394309,0.8547433055736171,0.16231670714814414,0.6706455483341848,500,0.6131812676822599,1,0.7600466753194921,5,0.9901018064990492,123,5,80,100,60,2014,timeseries,timeseries
2020-07-10,2020-07-10 21:33:10.262186,prod,SP,ERA,xgb,0.0,0.0,0.0,0.8471351573119952,0.15460725756927296,0.6453468277579859,0.7815968751010853,0.2995549566400446,0.604050218780046,450,0.2789102931775624,2,0.4535251491834216,5,0.8641992115309907,123,5,80,100,60,2014,timeseries,timeseries
2020-07-10,2020-07-10 21:33:20.564098,eval,SP,BB_per_9,xgb,0.25625,0.9632196978396652,-0.03397324102256793,0.8096784507785596,0.2666618632717107,0.5922121872086274,0.3819062200743259,0.7741453038181756,0.26941650936935124,650,0.2989425696913481,5,0.4578121733765362,6,0.759051940309577,123,5,80,100,60,2014,timeseries,timeseries
2020-07-10,2020-07-10 21:33:30.112859,prod,SP,BB_per_9,xgb,0.0,0.0,0.0,0.8169938835612417,0.2533506018208945,0.6023425980931834,0.2442566282609085,0.9076135291828344,0.11936501042469184,400,0.06142374539700075,13,0.44801776552967865,7,0.9831147663253124,123,5,80,100,60,2014,timeseries,timeseries
2020-07-10,2020-07-10 21:33:44.061904,eval,SP,K_per_9,xgb,0.2125,1.789343257817182,0.08885823680978777,1.363906526689632,0.3316196870856373,1.0939412500983792,0.0005034683660488441,0.9999998976674818,0.0002929587711561621,300,0.10632694482807556,14,0.6068506846614687,1,0.9010265709457064,123,5,80,100,60,2014,timeseries,timeseries
2020-07-10,2020-07-10 21:33:53.427934,prod,SP,K_per_9,xgb,0.0,0.0,0.0,1.2537192044928709,0.4352516236907923,1.027844329382244,0.8169353486458919,0.7305707998692997,0.6275659355264626,750,0.10388959937299358,2,0.6164666207005968,5,0.9001209663034377,123,5,80,100,60,2014,timeseries,timeseries
2020-07-10,2020-07-10 21:34:03.390625,eval,SP,OBP,xgb,0.0,0.0,0.0,0.028457087717847874,-0.033856747969615686,0.022221885296859242,0.011832093275901278,0.8391520557445492,0.008746322362891358,500,0.05799633515147803,3,0.6118168649102377,4,0.915722206184746,123,5,80,100,60,2014,timeseries,timeseries
2020-07-10,2020-07-10 21:34:13.934222,prod,SP,OBP,xgb,0.0,0.0,0.0,0.028962922678006483,-0.07093775928004266,0.02302439349105484,0.00759739205151309,0.9336835268457048,0.003627367598068371,250,0.05444622149970835,6,0.6749949608852629,7,0.9350072173836304,123,5,80,100,60,2014,timeseries,timeseries
2020-07-10,2020-07-10 21:34:23.376075,eval,SP,SLG,xgb,0.0,0.0,0.0,0.05011501133243864,0.0032020689278091648,0.03911029197354066,0.04341776313656874,0.34665671035851675,0.03439255776152705,100,0.1722196478678787,1,0.8872185320874592,7,0.7304720246009364,123,5,80,100,60,2014,timeseries,timeseries
2020-07-10,2020-07-10 21:34:33.112564,prod,SP,SLG,xgb,0.0,0.0,0.0,0.05262837463217936,-0.09928772156151336,0.04156648337213617,0.03413263893661235,0.596218629085763,0.027014199554262312,850,0.5203712848190651,3,0.4999962524286803,1,0.9849299566029186,123,5,80,100,60,2014,timeseries,timeseries
2020-07-10,2020-07-10 21:36:26.726113,eval,RP,ERA,xgb,0.2801556420233463,2.095809994020123,-0.2452493758458285,1.1082831588413995,0.09416911099586713,0.8794421140209432,1.1519060219953865,0.2551948391901777,0.885962602287623,350,0.18969198279961688,2,0.9259191970864522,5,0.9675933017854016,123,5,30,40,30,2014,random,random
2020-07-10,2020-07-10 21:37:02.433153,prod,RP,ERA,xgb,0.0,0.0,0.0,1.0959460333943134,0.1142238211189085,0.8565982609277167,1.034907583751114,0.39881004062618375,0.7927745811415161,950,0.06576364915753803,3,0.5382990205144291,5,0.8418911225813922,123,5,30,40,30,2014,random,random
2020-07-10,2020-07-10 21:37:34.069406,eval,RP,BB_per_9,xgb,0.264591439688716,1.662485780118606,-0.08540445867076563,0.956029354476712,0.22404963624641205,0.7529726544528231,0.8532559770622883,0.4594305411509314,0.6726981891862379,700,0.038811531773717815,2,0.8953802719327085,7,0.9012679299790264,123,5,30,40,30,2014,random,random
2020-07-10,2020-07-10 21:38:05.644317,prod,RP,BB_per_9,xgb,0.0,0.0,0.0,0.9455107669957832,0.2410302898581309,0.7460932412646738,0.8393054441842785,0.4769624038793794,0.6602036119688406,400,0.0954626246388412,2,0.8449980454771988,2,0.8942099482170066,123,5,30,40,30,2014,random,random
2020-07-10,2020-07-10 21:38:51.790944,eval,RP,K_per_9,xgb,0.245136186770428,2.3748707769895567,-0.11736195188570207,1.5579874595099763,0.3686505485065513,1.281417744495378,1.5545922949059197,0.5242912059389804,1.2186721105250782,250,0.21800475878135106,1,0.8787985770734659,4,0.8985134144362209,123,5,30,40,30,2014,random,random
2020-07-10,2020-07-10 21:39:47.848445,prod,RP,K_per_9,xgb,0.0,0.0,0.0,1.5541433248652667,0.3717622528250655,1.2832428229156383,1.4849178333805038,0.5659767404029634,1.1638921038506571,600,0.14801028465312774,2,0.510221159815867,3,0.7287001271460856,123,5,30,40,30,2014,random,random
2020-07-10,2020-07-10 21:40:27.499685,eval,RP,OBP,xgb,0.0,0.0,0.0,0.035971096080136475,0.06337588730576038,0.028842506616124176,0.03397295099996908,0.30082092249781844,0.027143127797188773,500,0.054063148964096384,1,0.9696424865755924,5,0.7205643283800844,123,5,30,40,30,2014,random,random
2020-07-10,2020-07-10 21:41:16.552089,prod,RP,OBP,xgb,0.0,0.0,0.0,0.03580326345092656,0.07209563091198667,0.02878238245037918,0.035689839608962284,0.2283665056437036,0.028432215225954918,800,0.2898091681637561,1,0.7155035317688723,3,0.8108631691625904,123,5,30,40,30,2014,random,random
2020-07-10,2020-07-10 21:41:56.013493,eval,RP,SLG,xgb,0.0,0.0,0.0,0.07225155989423138,0.06280015017265418,0.05691223294123845,0.028194724697530205,0.8640887069963736,0.019807844906030426,950,0.1932106246191788,5,0.7705309648078941,4,0.9297792488304356,123,5,30,40,30,2014,random,random
2020-07-10,2020-07-10 21:42:11.917429,prod,RP,SLG,xgb,0.0,0.0,0.0,0.07080308570945287,0.10000079602682843,0.05658763090023495,0.039402311101057866,0.7345619251936577,0.030410313933626417,900,0.006957137310426909,4,0.8933087515733309,5,0.9121534854054888,123,5,30,40,30,2014,random,random
2020-07-10,2020-07-10 21:42:24.317085,eval,RP,SV_per_G,xgb,0.22178988326848248,9.386013412981107,-0.18856084633986447,0.1121220174951211,0.3865396611190624,0.06954491021116603,0.08231356269060518,0.7678965041797055,0.05457969278150855,450,0.04660326082504662,2,0.9847136380155128,7,0.9819668099901822,123,5,30,40,30,2014,random,random
2020-07-10,2020-07-10 21:42:34.626081,prod,RP,SV_per_G,xgb,0.0,0.0,0.0,0.11256479806843923,0.3816848668556399,0.06889672565807993,0.08122466413482364,0.7739967254688356,0.05400539219981529,650,0.01803267886113167,2,0.5254989198947935,5,0.7768793666433906,123,5,30,40,30,2014,random,random
2020-07-10,2020-07-10 21:42:43.577191,eval,RP,HLD_per_G,xgb,0.0,0.0,0.0,0.10581111726652363,0.14807963146534284,0.08697246270896747,0.10108293134885844,0.2616849504203801,0.08385174201576306,300,0.022435092513272983,1,0.4117575220558206,1,0.8359980605361147,123,5,30,40,30,2014,random,random
2020-07-10,2020-07-10 21:43:04.614973,prod,RP,HLD_per_G,xgb,0.0,0.0,0.0,0.10443006771057574,0.17017307747075638,0.08618654720405694,0.02369482293650227,0.9594311216017812,0.011584724534662923,750,0.011805095144956644,13,0.8015796069923069,2,0.7492457365183065,123,5,30,40,30,2014,random,random
2020-07-10,2020-07-10 21:43:15.730784,eval,RP,WAR_per_G,xgb,0.31626506024096385,0.7115907646469709,-0.1326802292436211,0.012806961598960744,0.08984259420825612,0.00980118603737959,0.008402312093868273,0.7373725788581197,0.005682180560580231,50,0.12761815980782165,5,0.7456571880739293,5,0.7446961190110659,123,5,30,40,30,2014,random,random
2020-07-10,2020-07-10 21:43:29.321311,prod,RP,WAR_per_G,xgb,0.0,0.0,0.0,0.013159174969965002,0.03909242804833901,0.009958924975552142,0.006145730341203632,0.8594957527098384,0.002966526076529068,300,0.02315167120408326,11,0.6604915499214131,5,0.7357107890369516,123,5,30,40,30,2014,random,random
2020-07-10,2020-07-10 21:54:37.178647,eval,RP,SLG,xgb,0.0,0.0,0.0,0.07666063696558363,0.008049092200136276,0.06342662604340228,0.061707791523013936,0.3341004222662486,0.04869584160078468,200,0.2713244365907178,2,0.7165189477963243,1,0.8983220103325944,1,5,30,40,30,2014,random,random
2020-07-10,2020-07-10 21:54:46.565214,prod,RP,SLG,xgb,0.0,0.0,0.0,0.07524409970233656,0.044368992860468914,0.06152622107922773,0.0403705726874339,0.7149910141566871,0.031238743719682525,550,0.07886748032509337,4,0.6214609814559974,2,0.9923054223637092,1,5,30,40,30,2014,random,random
2020-07-10,2020-07-10 21:54:58.371867,eval,RP,K_per_9,xgb,0.2334630350194553,2.498560141263169,-0.23678305635257635,1.8780057461850048,0.26269519858943025,1.5028709620521183,1.4355435054429029,0.5601675492895564,1.1174895872821695,300,0.5241013852014879,2,0.7668206603970578,5,0.7688392341162116,1,5,30,40,30,2014,random,random
2020-07-10,2020-07-10 21:55:10.360089,prod,RP,K_per_9,xgb,0.0,0.0,0.0,1.9312293014146336,0.22031188755771505,1.562031021035595,1.5750234124516,0.4705455794850671,1.2479415068323212,300,0.5655104632640959,1,0.8188092235633164,5,0.7292887760652174,1,5,30,40,30,2014,random,random
2020-07-10,2020-07-10 21:55:19.468448,eval,RP,HLD_per_G,xgb,0.0,0.0,0.0,0.11218024768075853,0.10629243767061547,0.0906468656667862,0.036896347115050035,0.8991721327360864,0.024212702936521863,650,0.1169823079003133,5,0.8675869393667683,2,0.97079827993427,1,5,30,40,30,2014,random,random
2020-07-10,2020-07-10 21:55:28.036047,prod,RP,HLD_per_G,xgb,0.0,0.0,0.0,0.1152915721525038,0.05603092549169287,0.09292102088562178,0.03401941426226903,0.91428289363883,0.0193163106818783,100,0.1258127794138834,9,0.9275083882206068,5,0.9753011629618588,1,5,30,40,30,2014,random,random
2020-07-10,2020-07-10 21:55:38.457715,eval,RP,WAR_per_G,xgb,0.3343373493975904,0.6855481443200698,-0.05129024188393938,0.014924745890529369,-0.03289225135705465,0.01153817984936768,0.0089183723973648,0.6831275318729148,0.006111922640225522,450,0.20836699369529024,6,0.8148430790498663,7,0.7937520051747758,1,5,30,40,30,2014,random,random
2020-07-10,2020-07-10 21:55:46.910628,prod,RP,WAR_per_G,xgb,0.0,0.0,0.0,0.01477824966777091,-0.012714730465591684,0.011368221118009524,0.01474756093003192,0.13352966382525966,0.010375015120073524,500,0.6692327752768916,1,0.44702180415121306,6,0.99596093530985,1,5,30,40,30,2014,random,random
2020-07-16,2020-07-16 23:16:55.129068,eval,hitters,OBP,xgb,0.2526997840172786,0.06057791568381048,0.0657314028765763,0.03190719581853082,0.2659722039655811,0.025352949299293742,0.024827114909198308,0.5322348977682605,0.019426111613035358,850,0.08776751828007033,3,0.6450951932726271,4,0.7675798736596054,8823,5,150,300,200,2014,timeseries,timeseries
2020-07-16,2020-07-16 23:18:13.267437,prod,hitters,OBP,xgb,0.0,0.0,0.0,0.03211800125981471,0.2562409687232732,0.025356442503334672,0.02957901632194657,0.33603870484096354,0.023331554985174138,550,0.04924065793124385,1,0.7659523892098598,6,0.9191420022702228,8823,5,150,300,200,2014,timeseries,timeseries
2020-07-16,2020-07-16 23:22:57.331907,eval,hitters,SLG,xgb,0.2872570194384449,0.1111102188075276,0.04939045900709549,0.0636537337013694,0.24918621002495936,0.04998062015465147,0.04163152258107504,0.6619931305229764,0.03180153318259513,250,0.11882331672946198,3,0.7871147242079277,7,0.8004876042745618,8823,5,150,300,200,2014,timeseries,timeseries
2020-07-16,2020-07-16 23:24:15.625566,prod,hitters,SLG,xgb,0.0,0.0,0.0,0.06449586470257022,0.2291884487547325,0.05079158859354115,0.046584093363945187,0.5767896963219761,0.03629952863423679,850,0.3104491607807869,2,0.8107096748408774,2,0.9987723792374084,8823,5,150,300,200,2014,timeseries,timeseries
2020-07-16,2020-07-16 23:28:21.915943,eval,hitters,BB%,xgb,0.0,0.0,0.0,0.022703498593493368,0.4683591339056269,0.017694079834839394,0.018909545221611843,0.6222081825945462,0.014724833542280203,600,0.05317064248851298,2,0.8459345509193047,7,0.9227878950114459,8823,5,150,300,200,2014,timeseries,timeseries
2020-07-16,2020-07-16 23:29:45.955419,prod,hitters,BB%,xgb,0.0,0.0,0.0,0.022729580134446918,0.4671369453931719,0.01777302392724338,0.01689496293915679,0.6984183826291394,0.013128927060604416,700,0.09236394444982443,3,0.5287013446678359,5,0.9959314593830598,8823,5,150,300,200,2014,timeseries,timeseries
2020-07-16,2020-07-16 23:31:34.873328,eval,hitters,K%,xgb,0.0,0.0,0.0,0.03800582910627712,0.6115022328667934,0.028889830196567805,0.031149614755688507,0.7348323053751429,0.02386253708205763,500,0.05174734884154531,3,0.4479733722116798,6,0.9215238317532578,8823,5,150,300,200,2014,timeseries,timeseries
2020-07-16,2020-07-16 23:32:43.229066,prod,hitters,K%,xgb,0.0,0.0,0.0,0.03798115504931867,0.6120065083750035,0.02888720976832058,0.025126694575809967,0.8274615172422899,0.01893402703656339,450,0.14620272979744384,5,0.6451975788802984,7,0.7967316575434611,8823,5,150,300,200,2014,timeseries,timeseries
2020-07-16,2020-07-16 23:34:56.403053,eval,hitters,HR_per_PA,xgb,0.2159827213822894,9.766819815455287,0.2787462829244104,0.012556237469421869,0.3433550776303768,0.009906478965673331,0.011752240543668422,0.4794770691535424,0.009282102905434169,550,0.258766650422246,1,0.8278070011192886,6,0.9500934712654474,8823,5,150,300,200,2014,timeseries,timeseries
2020-07-16,2020-07-16 23:36:37.218070,prod,hitters,HR_per_PA,xgb,0.0,0.0,0.0,0.01265238523113467,0.3332602281995214,0.009949814226503364,0.011715396198544623,0.4827357266898842,0.009198948409387094,700,0.299466944905662,1,0.7764361853367421,4,0.860530134858483,8823,5,150,300,200,2014,timeseries,timeseries
2020-07-16,2020-07-16 23:38:48.791914,eval,hitters,R_per_PA,xgb,0.1490280777537797,29.203121426398397,0.15695333411295356,0.02105063801836557,0.2301497267508964,0.016573239020069092,0.02046835789181809,0.3060896412223705,0.0160089062030852,550,0.06673042567288541,1,0.9255749910903336,4,0.9736297572475286,8823,5,150,300,200,2014,timeseries,timeseries
2020-07-16,2020-07-16 23:40:25.596306,prod,hitters,R_per_PA,xgb,0.0,0.0,0.0,0.02111023039670546,0.2257848095695593,0.016608003901040815,0.020659571361154927,0.2930641925539855,0.01616617839765015,350,0.05743090681611026,1,0.4041685322942653,7,0.8064914013085162,8823,5,150,300,200,2014,timeseries,timeseries
2020-07-16,2020-07-16 23:42:15.205289,eval,hitters,RBI_per_PA,xgb,0.1511879049676026,30.249446665493668,0.07370585272388452,0.027074420149854825,0.21372062623824184,0.02166774633687684,0.01979926224603217,0.6251987995564104,0.015319151772981172,300,0.09194837206214654,3,0.4379024422899423,5,0.7069887807328891,8823,5,150,300,200,2014,timeseries,timeseries
2020-07-16,2020-07-16 23:44:05.320681,prod,hitters,RBI_per_PA,xgb,0.0,0.0,0.0,0.027239350072416017,0.2041118526437914,0.021665378239685187,0.02489948875133637,0.4072332739801932,0.019665501665116384,700,0.15653756292971302,1,0.5158654768275048,4,0.9448808692332892,8823,5,150,300,200,2014,timeseries,timeseries
2020-07-16,2020-07-16 23:46:03.470683,eval,hitters,SB_per_PA,xgb,0.17494600431965446,5.873111281253013,0.241843778250642,0.010738270409232142,0.5543657524351253,0.007249914030858719,0.010237811322770856,0.6715721449298052,0.006980073848267457,450,0.17511096726540165,1,0.580432125355537,7,0.8017198098635162,8823,5,150,300,200,2014,timeseries,timeseries
2020-07-16,2020-07-16 23:47:19.435834,prod,hitters,SB_per_PA,xgb,0.0,0.0,0.0,0.010616304551119731,0.5644313391521676,0.007153103289696986,0.008800921451382402,0.7572931516214509,0.006091002461405649,400,0.10863890915746068,2,0.847360054087006,2,0.9755316127882544,8823,5,150,300,200,2014,timeseries,timeseries
2020-07-16,2020-07-16 23:48:59.721109,eval,hitters,CS_per_PA,xgb,0.11231101511879048,2.1928650015160205,-0.1185843942511755,0.004258089402185435,0.3961358911884623,0.003289078323058317,0.0020546916627938623,0.8726593639423491,0.001501258821328966,550,0.039043359091665016,6,0.4103938342145421,2,0.9161226084752974,8823,5,150,300,200,2014,timeseries,timeseries
2020-07-16,2020-07-16 23:50:26.844731,prod,hitters,CS_per_PA,xgb,0.0,0.0,0.0,0.004267109812326871,0.3935747089146545,0.0032855178068083085,0.002825763196715373,0.7591507898831963,0.002182340140879214,300,0.027187505353964025,4,0.7916911743672256,1,0.896688585330413,8823,5,150,300,200,2014,timeseries,timeseries
2020-07-16,2020-07-16 23:51:37.635702,eval,SP,ERA,xgb,0.2375,1.3674490214281518,-0.10460601393449244,0.8464446333415363,0.15598490321828107,0.6495323609050951,0.8483669807178904,0.17476820633780166,0.6671069774880315,450,0.5184226139716938,1,0.5437009575526159,1,0.8427245620242073,8823,5,80,100,60,2014,timeseries,timeseries
2020-07-16,2020-07-16 23:52:23.240144,prod,SP,ERA,xgb,0.0,0.0,0.0,0.8502933215940651,0.1482921710479067,0.657617982688703,0.7684778902974331,0.3228713467439802,0.6044239806286811,400,0.3815868717808701,2,0.9633236723420048,4,0.75503373480433,8823,5,80,100,60,2014,timeseries,timeseries
2020-07-16,2020-07-16 23:55:38.246303,eval,SP,BB_per_9,xgb,0.23125,0.9874777276092124,-0.08670885713856791,0.7898978375083038,0.3020553883262551,0.6006487708970121,0.10701842709787276,0.9822649348154012,0.04425404321278957,200,0.1890951165670362,7,0.6082979708920174,1,0.9594254855709274,8823,5,80,100,60,2014,timeseries,timeseries
2020-07-16,2020-07-16 23:57:02.168412,prod,SP,BB_per_9,xgb,0.0,0.0,0.0,0.7768068358866906,0.3249978029675137,0.5830421803499523,0.15224087854848925,0.9641096061015112,0.0840148266840718,400,0.08065940989988697,14,0.7079899661409226,1,0.8879195023735165,8823,5,80,100,60,2014,timeseries,timeseries
2020-07-16,2020-07-16 23:59:56.308350,eval,SP,K_per_9,xgb,0.18125,1.7351418031179666,0.1432214662072986,1.265996185586219,0.4241369297133529,1.0292523840854042,0.837419805195177,0.7168896537740452,0.6517153380353983,550,0.036291487293520164,2,0.7513135008447254,1,0.7923404814589987,8823,5,80,100,60,2014,timeseries,timeseries
2020-07-17,2020-07-17 00:01:39.294737,prod,SP,K_per_9,xgb,0.0,0.0,0.0,1.270400004735452,0.4201236354725811,1.0389416490103067,0.8872082666461776,0.6822244751759772,0.6862476671820972,600,0.24377685454221404,2,0.7031509893492676,4,0.8199880185592796,8823,5,80,100,60,2014,timeseries,timeseries
2020-07-17,2020-07-17 00:02:59.908200,eval,SP,OBP,xgb,0.0,0.0,0.0,0.02728758577820893,0.049373997427189835,0.020792683982535413,0.006739724015650211,0.947811288885312,0.002752428676382069,400,0.4337441952264862,7,0.4806932918921389,4,0.7527446201169522,8823,5,80,100,60,2014,timeseries,timeseries
2020-07-17,2020-07-17 00:04:06.420500,prod,SP,OBP,xgb,0.0,0.0,0.0,0.02692443263186521,0.07450818489085588,0.02101011301812373,0.023154828160458663,0.3840074354707267,0.018474541180970645,150,0.4908301184674028,1,0.5100205538864709,4,0.7677011055134475,8823,5,80,100,60,2014,timeseries,timeseries
2020-07-17,2020-07-17 00:05:36.805872,eval,SP,SLG,xgb,0.0,0.0,0.0,0.04766942019480581,0.09811492219558647,0.037362780084735474,0.04512417621199368,0.2942918746570463,0.0363822094041517,750,0.3609712088504349,1,0.7063371562959091,4,0.7004719454644753,8823,5,80,100,60,2014,timeseries,timeseries
2020-07-17,2020-07-17 00:06:50.382421,prod,SP,SLG,xgb,0.0,0.0,0.0,0.047974744452093744,0.0865247136650884,0.03641155580941,0.045512057617746064,0.2821073846278359,0.036474710101323415,150,0.6223974964836189,1,0.6516265303402622,4,0.8902178316089652,8823,5,80,100,60,2014,timeseries,timeseries
2020-07-17,2020-07-17 00:07:51.879667,eval,SP,ShO_per_GS,xgb,0.0,0.0,0.0,0.01197362793594474,-0.06682391283427648,0.00806720118534203,0.013302239902454188,0.5589139742477162,0.008757844985049825,50,0.28276816467127874,2,0.7900968558168786,6,0.9450032512888642,8823,5,80,100,60,2014,timeseries,timeseries
2020-07-17,2020-07-17 00:08:56.806821,prod,SP,ShO_per_GS,xgb,0.0,0.0,0.0,0.012224175588381082,-0.11193751526981656,0.008342718950186423,0.01544365797686599,0.4054695579868195,0.010422038439177654,800,0.08323436238367772,1,0.4068364140146622,3,0.8813028409677041,8823,5,80,100,60,2014,timeseries,timeseries
2020-07-17,2020-07-17 00:10:12.927313,eval,SP,CG_per_GS,xgb,0.0,0.0,0.0,0.02077734826492057,-0.17137276960875547,0.016457270022837894,0.023891190984026128,0.4438772022705967,0.01768458643584019,700,0.2839344827172812,1,0.9933761315066608,4,0.9176358483172298,8823,5,80,100,60,2014,timeseries,timeseries
2020-07-17,2020-07-17 00:11:22.099786,prod,SP,CG_per_GS,xgb,0.0,0.0,0.0,0.021032175221483384,-0.20028192945297807,0.016152971253351314,0.02274916685672864,0.495773007141528,0.016415692932584408,300,0.3076957137783232,1,0.5589845816773168,6,0.9193331082840692,8823,5,80,100,60,2014,timeseries,timeseries
2020-07-17,2020-07-17 00:14:47.386517,eval,RP,ERA,xgb,0.27626459143968873,2.120448298018337,-0.2746997310000847,1.2857583923416585,0.05190283200181922,1.0230423632229075,1.0434517774296537,0.327683953813827,0.7948117005468129,450,0.4021770574398878,3,0.5280606335084445,3,0.7642631519618923,8823,5,30,40,30,2014,timeseries,timeseries
2020-07-17,2020-07-17 00:16:08.213465,prod,RP,ERA,xgb,0.0,0.0,0.0,1.2895519561810562,0.04629995506215712,0.9960972436269124,1.1240250606319055,0.21984535501075075,0.8734479825368184,250,0.047448388312625,1,0.9511994200402859,7,0.7291268283501506,8823,5,30,40,30,2014,timeseries,timeseries
2020-07-17,2020-07-17 00:17:14.240032,eval,RP,BB_per_9,xgb,0.2412451361867705,1.6660902754954507,-0.090116170058389,1.0526957988250922,0.10797378559432104,0.8075283061008828,0.9706883028326856,0.2811172649268125,0.7788091053220327,50,0.1099689731207169,1,0.4441811197600837,6,0.8347299749647299,8823,5,30,40,30,2014,timeseries,timeseries
2020-07-17,2020-07-17 00:18:37.955670,prod,RP,BB_per_9,xgb,0.0,0.0,0.0,1.0542056404435445,0.1054131519336864,0.80833515328052,0.14125840053859431,0.9847760611800364,0.09309338419737218,850,0.0491249347679528,8,0.5443573401212547,1,0.7005464861721659,8823,5,30,40,30,2014,timeseries,timeseries
2020-07-17,2020-07-17 00:20:17.176887,eval,RP,K_per_9,xgb,0.2334630350194553,2.4555210313002998,-0.19454146102825964,1.6483609702306783,0.3820633425131743,1.2994747744541542,1.4460287246911754,0.5659102868323596,1.1347432013186152,800,0.17751108127879212,2,0.6683063432406597,3,0.8722146635329922,8823,5,30,40,30,2014,timeseries,timeseries
2020-07-17,2020-07-17 00:21:57.515478,prod,RP,K_per_9,xgb,0.0,0.0,0.0,1.659965096650709,0.37333242124059496,1.310258700426887,1.207351589788936,0.6973831051350444,0.9354369773122366,700,0.08272940853105358,3,0.43988422360599627,5,0.751187578804073,8823,5,30,40,30,2014,timeseries,timeseries
2020-07-17,2020-07-17 00:22:55.844437,eval,RP,OBP,xgb,0.0,0.0,0.0,0.03707878734150637,0.12107078692377238,0.029393753837136664,0.0344433289168934,0.2437453995268261,0.02757756410423153,800,0.4890784986863882,1,0.5656721860909419,2,0.8856589098353118,8823,5,30,40,30,2014,timeseries,timeseries
2020-07-17,2020-07-17 00:24:04.301537,prod,RP,OBP,xgb,0.0,0.0,0.0,0.03724833330520082,0.1130144500223884,0.029183701706867595,0.03411607791450489,0.2580476977209916,0.02738167089366628,900,0.1768204614952851,1,0.4691442780472119,4,0.9012786860514512,8823,5,30,40,30,2014,timeseries,timeseries
2020-07-17,2020-07-17 00:25:34.821392,eval,RP,SLG,xgb,0.0,0.0,0.0,0.07358398955347746,0.15794830679056404,0.05995033044721565,0.03715068256060563,0.7498855015743358,0.02804889688270536,150,0.2354489996607133,6,0.7587239594488159,7,0.941586441883458,8823,5,30,40,30,2014,timeseries,timeseries
2020-07-17,2020-07-17 00:27:19.356766,prod,RP,SLG,xgb,0.0,0.0,0.0,0.07290236896501136,0.17347617996703435,0.06007201740227493,0.029305696909540525,0.8443642439015111,0.020765014337208457,900,0.1271988045846643,6,0.9816511608544016,7,0.7504771081446745,8823,5,30,40,30,2014,timeseries,timeseries
2020-07-17,2020-07-17 00:29:12.705578,eval,RP,SV_per_G,xgb,0.17120622568093385,9.78058370529184,-0.2905909848557773,0.10544265780898728,0.5084369820631041,0.07146434494085574,0.0518552934636641,0.9045518459467956,0.03320995054429088,600,0.3342196375043773,4,0.9323998300257286,5,0.8843289756946568,8823,5,30,40,30,2014,timeseries,timeseries
2020-07-17,2020-07-17 00:31:18.239673,prod,RP,SV_per_G,xgb,0.0,0.0,0.0,0.10600611588962686,0.5031693759179565,0.07069590388457071,0.03666836144482572,0.9522729767587226,0.02384984511017933,650,0.3074111444560493,6,0.8927270949331703,6,0.8810343236236585,8823,5,30,40,30,2014,timeseries,timeseries
2020-07-17,2020-07-17 00:32:45.189036,eval,RP,HLD_per_G,xgb,0.0,0.0,0.0,0.10848289619264123,0.11795899787326602,0.0881303142566382,0.10182159911278622,0.2460896012868769,0.08533828843065883,450,0.1303541107266981,1,0.8501305119953165,3,0.7070813493630524,8823,5,30,40,30,2014,timeseries,timeseries
2020-07-17,2020-07-17 00:34:16.344836,prod,RP,HLD_per_G,xgb,0.0,0.0,0.0,0.10792624804517452,0.1269876435024847,0.08761124655494638,0.06888613483431041,0.6549329098087675,0.056622650014362036,900,0.1606015957987512,3,0.8628608595522523,5,0.7700077593395225,8823,5,30,40,30,2014,timeseries,timeseries
